Timestamp,Source,Level,Message
2026-07-12 15:30:14,Analyzer,INFO,Nominal operation. Concentration changed by -0.007%
2026-07-12 15:30:28,Analyzer,INFO,No file. Sleeping for 30 seconds...
2026-07-12 15:30:58,Analyzer,INFO,File found. Analyzing...
2026-07-12 15:30:59,Analyzer,INFO,Loop successful. Sleeping for 30 seconds...
2026-07-12 15:31:14,Analyzer,INFO,Nominal operation. Concentration changed by 0.023%
2026-07-12 15:31:29,Analyzer,INFO,File found. Analyzing...
2026-07-12 15:31:30,Analyzer,INFO,Loop successful. Sleeping for 30 seconds...
2026-07-12 15:32:00,Analyzer,INFO,No file. Sleeping for 30 seconds...
2026-07-12 15:32:14,Analyzer,INFO,Nominal operation. Concentration changed by -0.002%
2026-07-12 15:32:22,Dashboard,INFO,Updating daily graph
2026-07-12 15:32:23,Analyzer,INFO,Nominal operation. Concentration changed by -0.002%
2026-07-12 15:32:30,Analyzer,INFO,File found. Analyzing...
2026-07-12 15:32:30,Analyzer,INFO,Loop successful. Sleeping for 30 seconds...
2026-07-12 15:33:00,Analyzer,INFO,File found. Analyzing...
2026-07-12 15:33:02,Analyzer,INFO,Loop successful. Sleepi